muni,zip
AGAWAM,1001
AMHERST,1002
AMHERST,1002
AMHERST,1002
BARRE,1005
BELCHERTOWN,1007
BLANDFORD,1008
BONDSVILLE,1009
BRIMFIELD,1010
CHESTER,1011
HUNTINGTON,1050
CHESTERFIELD,1012
CHICOPEE,1020
CHICOPEE,1013
CHICOPEE,1020
CHICOPEE,1020
CHICOPEE,1020
CUMMINGTON,1026
EASTHAMPTON,1027
EAST LONGMEADOW,1028
EAST OTIS,1029
AGAWAM,1001
FEEDING HILLS,1030
GILBERTVILLE,1031
GOSHEN,1032
GRANBY,1033
GRANVILLE,1034
AMHERST,1002
HADLEY,1035
HAMPDEN,1036
HARDWICK,1037
HATFIELD,1038
HAYDENVILLE,1039
WILLIAMSBURG,1096
HOLYOKE,1040
HOLYOKE,1040
HOLYOKE,1040
HUNTINGTON,1050
LEEDS,1053
LEVERETT,1054
LUDLOW,1056
WILBRAHAM,1095
MONSON,1057
NORTH AMHERST,1059
NORTHAMPTON,1060
NORTHAMPTON,1060
EASTHAMPTON,1027
FLORENCE,1062
NORTH HATFIELD,1066
OAKHAM,1068
PALMER,1069
PLAINFIELD,1070
WILLIAMSBURG,1096
RUSSELL,1071
AMHERST,1002
SHUTESBURY,1072
SOUTHAMPTON,1073
SOUTH BARRE,1074
SOUTH HADLEY,1075
SOUTHWICK,1077
THORNDIKE,1079
PALMER,1069
THREE RIVERS,1080
WALES,1081
WARE,1082
WARREN,1083
WARREN,1083
CHESTERFIELD,1012
WESTFIELD,1085
WESTFIELD,1085
AGAWAM,1001
WEST SPRINGFIELD,1089
WEST WARREN,1092
WHATELY,1093
WHEELWRIGHT,1094
WILBRAHAM,1095
WILLIAMSBURG,1096
WORTHINGTON,1098
SPRINGFIELD,1101
SPRINGFIELD,1101
SPRINGFIELD,1103
SPRINGFIELD,1101
SPRINGFIELD,1101
SPRINGFIELD,1101
EAST LONGMEADOW,1028
SPRINGFIELD,1107
SPRINGFIELD,1101
SPRINGFIELD,1108
SPRINGFIELD,1101
SPRINGFIELD,1115
LONGMEADOW,1106
EAST LONGMEADOW,1028
SPRINGFIELD,1101
EAST LONGMEADOW,1028
SPRINGFIELD,1101
SPRINGFIELD,1108
SPRINGFIELD,1109
INDIAN ORCHARD,1151
WILBRAHAM,1095
PITTSFIELD,1201
PITTSFIELD,1201
ADAMS,1220
ASHLEY FALLS,1222
BECKET,1223
LANESBOROUGH,1237
CHESHIRE,1225
PITTSFIELD,1201
DALTON,1226
STOCKBRIDGE,1262
GREAT BARRINGTON,1230
HINSDALE,1235
HOUSATONIC,1236
HANCOCK,1237
LANESBOROUGH,1237
LEE,1238
LENOX,1240
PITTSFIELD,1201
LENOX DALE,1242
MIDDLEFIELD,1243
MILL RIVER,1244
MONTEREY,1245
NORTH ADAMS,1247
OTIS,1253
RICHMOND,1254
OTIS,1253
SANDISFIELD,1255
SHEFFIELD,1257
SOUTH EGREMONT,1258
SOUTHFIELD,1259
SOUTH LEE,1260
STOCKBRIDGE,1262
LEE,1238
WEST STOCKBRIDGE,1266
WILLIAMSTOWN,1267
DALTON,1226
HINSDALE,1235
GREENFIELD,1301
GREENFIELD,1301
ASHFIELD,1330
ATHOL,1331
BERNARDSTON,1337
BUCKLAND,1338
CHARLEMONT,1339
COLRAIN,1340
CONWAY,1341
DEERFIELD,1342
SOUTH DEERFIELD,1373
ERVING,1344
TURNERS FALLS,1376
HEATH,1346
ERVING,1344
TURNERS FALLS,1376
MONTAGUE,1351
TURNERS FALLS,1376
TURNERS FALLS,1376
NEW SALEM,1355
NORTHFIELD,1360
ORANGE,1364
ATHOL,1331
PETERSHAM,1366
CHARLEMONT,1339
ROWE,1367
ATHOL,1331
SHELBURNE FALLS,1370
SOUTH DEERFIELD,1373
SOUTH DEERFIELD,1373
SUNDERLAND,1375
TURNERS FALLS,1376
WENDELL,1379
WENDELL DEPOT,1380
FITCHBURG,1420
FITCHBURG,1420
ASHBURNHAM,1430
ASHBY,1431
AYER,1432
AYER,1432
DEVENS,1434
BALDWINVILLE,1436
EAST TEMPLETON,1438
GARDNER,1440
GROTON,1450
HARVARD,1451
HUBBARDSTON,1452
LEOMINSTER,1453
LITTLETON,1460
LITTLETON,1460
LUNENBURG,1462
PEPPERELL,1463
SHIRLEY,1464
HARVARD,1451
TEMPLETON,1468
TOWNSEND,1469
WEST GROTON,1472
WESTMINSTER,1473
TOWNSEND,1469
WINCHENDON,1475
AUBURN,1501
BERLIN,1503
BLACKSTONE,1504
BOYLSTON,1505
BROOKFIELD,1506
CHARLTON,1507
CHARLTON CITY,1508
CHARLTON,1507
CLINTON,1510
EAST BROOKFIELD,1515
DOUGLAS,1516
FISKDALE,1518
GRAFTON,1519
HOLDEN,1520
FISKDALE,1518
JEFFERSON,1522
LANCASTER,1523
LEICESTER,1524
LINWOOD,1525
MANCHAUG,1526
MILLBURY,1527
MILLVILLE,1529
NEW BRAINTREE,1531
WEST BROOKFIELD,1585
NORTHBOROUGH,1532
NORTHBRIDGE,1534
NORTH BROOKFIELD,1535
NORTH GRAFTON,1536
NORTH OXFORD,1537
OXFORD,1540
NORTH UXBRIDGE,1538
OXFORD,1540
PRINCETON,1541
ROCHDALE,1542
RUTLAND,1543
SHREWSBURY,1545
SHREWSBURY,1545
SHREWSBURY,1545
SOUTHBRIDGE,1550
SOUTH GRAFTON,1560
SOUTH LANCASTER,1561
SPENCER,1562
STERLING,1564
STURBRIDGE,1566
UPTON,1568
UXBRIDGE,1569
WEBSTER,1570
DUDLEY,1571
WEBSTER,1570
WESTBOROUGH,1581
WEST BOYLSTON,1583
WEST BROOKFIELD,1585
MILLBURY,1527
WHITINSVILLE,1588
SUTTON,1590
WORCESTER,1602
WORCESTER,1613
WORCESTER,1603
WORCESTER,1613
WORCESTER,1613
WORCESTER,1605
WORCESTER,1613
WORCESTER,1606
WORCESTER,1613
WORCESTER,1607
WORCESTER,1613
WORCESTER,1613
WORCESTER,1613
WORCESTER,1613
WORCESTER,1613
PAXTON,1612
WORCESTER,1613
WORCESTER,1613
WORCESTER,1613
FRAMINGHAM,1701
FRAMINGHAM,1701
FRAMINGHAM,1701
FRAMINGHAM,1702
FRAMINGHAM,1701
ACTON,1720
ACTON,1720
ACTON,1720
ACTON,1720
ASHLAND,1721
BEDFORD,1730
BURLINGTON,1803
BURLINGTON,1803
BOLTON,1740
CARLISLE,1741
CONCORD,1742
CONCORD,1742
FAYVILLE,1745
HOLLISTON,1746
HOPEDALE,1747
HOPKINTON,1748
HUDSON,1749
MARLBOROUGH,1752
MAYNARD,1754
MENDON,1756
MILFORD,1757
FRAMINGHAM,1701
NATICK,1760
NATICK,1760
SHERBORN,1770
SOUTHBOROUGH,1772
LINCOLN,1773
LINCOLN,1773
STOW,1775
SUDBURY,1776
SUDBURY,1776
WAYLAND,1778
WAYLAND,1778
WOODVILLE,1784
WOBURN,1801
WOBURN,1801
BURLINGTON,1803
WOBURN,1801
ANDOVER,1810
ANDOVER,1810
ANDOVER,1810
ANDOVER,1810
BILLERICA,1821
BILLERICA,1821
BILLERICA,1821
BILLERICA,1821
CHELMSFORD,1824
CHELMSFORD,1824
DRACUT,1826
DUNSTABLE,1827
HAVERHILL,1835
HAVERHILL,1830
HAVERHILL,1830
HAVERHILL,1835
HAVERHILL,1830
GEORGETOWN,1833
GEORGETOWN,1833
GROVELAND,1834
HAVERHILL,1835
HAVERHILL,1830
HAVERHILL,1835
LAWRENCE,1840
LAWRENCE,1840
LAWRENCE,1840
LAWRENCE,1840
METHUEN,1844
LAWRENCE,1840
METHUEN,1844
LAWRENCE,1840
NORTH ANDOVER,1845
DRACUT,1826
LOWELL,1850
LOWELL,1851
LOWELL,1854
BILLERICA,1821
LOWELL,1852
LOWELL,1854
LOWELL,1854
MERRIMAC,1860
BILLERICA,1821
NORTH BILLERICA,1862
NORTH CHELMSFORD,1863
NORTH READING,1864
WOBURN,1801
NUTTING LAKE,1865
PINEHURST,1866
READING,1867
WOBURN,1801
TEWKSBURY,1876
TYNGSBORO,1879
WAKEFIELD,1880
WAKEFIELD,1880
WOBURN,1801
WEST BOXFORD,1885
WESTFORD,1886
WESTFORD,1886
WESTFORD,1886
WILMINGTON,1887
WOBURN,1801
WOBURN,1801
WINCHESTER,1890
WOBURN,1801
LYNN,1901
LYNN,1901
LYNN,1901
LYNN,1904
LYNN,1901
LYNN,1901
LYNN,1905
SAUGUS,1906
SWAMPSCOTT,1907
LYNN,1901
NAHANT,1908
AMESBURY,1913
BEVERLY,1915
BEVERLY,1915
BEVERLY,1915
BEVERLY,1915
BOXFORD,1921
BYFIELD,1922
DANVERS,1923
PEABODY,1960
ESSEX,1929
GLOUCESTER,1930
GLOUCESTER,1930
GLOUCESTER,1930
GLOUCESTER,1930
GLOUCESTER,1930
HAMILTON,1936
HATHORNE,1937
IPSWICH,1938
IPSWICH,1938
LYNNFIELD,1940
LYNNFIELD,1940
WOBURN,1801
MANCHESTER,1944
MARBLEHEAD,1945
MIDDLETON,1949
NEWBURYPORT,1950
NEWBURYPORT,1950
NEWBURYPORT,1950
NEWBURYPORT,1950
SALISBURY,1952
PEABODY,1960
PEABODY,1960
PEABODY,1960
PEABODY,1960
PRIDES CROSSING,1965
ROCKPORT,1966
ROCKPORT,1966
ROWLEY,1969
SALEM,1970
SALEM,1970
SOUTH HAMILTON,1982
TOPSFIELD,1983
SOUTH HAMILTON,1982
WENHAM,1984
WEST NEWBURY,1985
HINGHAM,2043
BELLINGHAM,2019
OCEAN BLUFF,2065
CANTON,2021
COHASSET,2025
DEDHAM,2026
DEDHAM,2026
DOVER,2030
EAST WALPOLE,2032
FOXBORO,2035
FRANKLIN,2038
SCITUATE,2066
GREEN HARBOR,2041
HINGHAM,2043
HULL,2045
HINGHAM,2043
HULL,2045
HUMAROCK,2047
MANSFIELD,2048
MARSHFIELD,2050
MARSHFIELD HILLS,2051
MEDFIELD,2052
BELLINGHAM,2019
MEDWAY,2053
MILLIS,2054
SCITUATE,2066
MILLIS,2054
NORFOLK,2056
NORTH MARSHFIELD,2059
SCITUATE,2066
NORWELL,2061
NORWOOD,2062
OCEAN BLUFF,2065
SCITUATE,2066
SHARON,2067
SHELDONVILLE,2070
SOUTH WALPOLE,2071
STOUGHTON,2072
FOXBORO,2035
WALPOLE,2081
WESTWOOD,2090
NORWOOD,2062
WESTWOOD,2090
WRENTHAM,2093
BOSTON,2114
BOSTON,2205
BOSTON,2205
BOSTON,2205
BOSTON,2111
BOSTON,2113
BOSTON,2114
BOSTON,2114
BOSTON,2114
BOSTON,2215
BOSTON,2116
BOSTON,2116
BOSTON,2118
ROXBURY,2119
ROXBURY,2119
ROXBURY CROSSING,2120
ROXBURY,2119
DORCHESTER,2121
DORCHESTER,2122
DORCHESTER,2122
BOSTON,2115
DORCHESTER CENTER,2124
DORCHESTER CENTER,2124
ROXBURY,2119
DORCHESTER,2125
MATTAPAN,2126
SOUTH BOSTON,2127
CHELSEA,2150
EAST BOSTON,2128
CHARLESTOWN,2129
CHELSEA,2150
JAMAICA PLAIN,2130
ROSLINDALE,2131
WEST ROXBURY,2132
BOSTON,2133
BOSTON,2205
BRIGHTON,2135
BRIGHTON,2135
HYDE PARK,2136
HYDE PARK,2136
HYDE PARK,2136
SOMERVILLE,2143
CAMBRIDGE,2139
CAMBRIDGE,2139
CAMBRIDGE,2139
CAMBRIDGE,2140
SOMERVILLE,2143
CAMBRIDGE,2139
CAMBRIDGE,2141
CAMBRIDGE,2139
CAMBRIDGE,2141
CHELSEA,2150
SOMERVILLE,2143
CHELSEA,2150
SOMERVILLE,2144
CHELSEA,2150
SOMERVILLE,2145
MALDEN,2148
CHELSEA,2150
EVERETT,2149
CHELSEA,2150
CHELSEA,2150
REVERE,2151
REVERE,2151
CHELSEA,2150
WINTHROP,2152
MEDFORD,2155
MEDFORD,2155
MEDFORD,2155
CAMBRIDGE,2139
QUINCY,2169
QUINCY,2170
QUINCY,2171
QUINCY,2170
MELROSE,2176
REVERE,2151
STONEHAM,2180
BRAINTREE,2184
BRAINTREE,2184
MILTON,2186
MILTON,2186
WEYMOUTH,2188
EAST WEYMOUTH,2189
BRAINTREE,2184
SOUTH WEYMOUTH,2190
NORTH WEYMOUTH,2191
BOSTON,2109
BOSTON,2199
BOSTON,2114
BOSTON,2205
BOSTON,2205
BOSTON,2215
BOSTON,2205
BOSTON,2114
CAMBRIDGE,2138
QUINCY,2169
BOSTON,2205
BOSTON,2205
BOSTON,2205
BROCKTON,2302
BROCKTON,2302
BROCKTON,2302
BROCKTON,2301
BROCKTON,2301
AVON,2322
BRIDGEWATER,2324
EAST BRIDGEWATER,2333
BRYANTVILLE,2327
CARVER,2330
DUXBURY,2332
DUXBURY,2331
DUXBURY,2332
EAST BRIDGEWATER,2333
EASTON,2334
ELMWOOD,2337
HALIFAX,2338
HANOVER,2339
HANOVER,2339
HANSON,2341
HOLBROOK,2343
MANOMET,2345
LAKEVILLE,2347
MIDDLEBORO,2346
LAKEVILLE,2347
LAKEVILLE,2347
MONPONSETT,2350
ABINGTON,2351
ABINGTON,2351
NORTH CARVER,2355
NORTH EASTON,2356
NORTH PEMBROKE,2358
PEMBROKE,2359
PLYMOUTH,2360
PLYMOUTH,2361
PLYMOUTH,2362
PLYMOUTH,2360
KINGSTON,2364
SOUTH CARVER,2366
CARVER,2330
PLYMPTON,2367
RANDOLPH,2368
ROCKLAND,2370
SOUTH EASTON,2375
EAST BRIDGEWATER,2333
WEST BRIDGEWATER,2379
WHITE HORSE BEACH,2381
WHITMAN,2382
LEXINGTON,2420
LEXINGTON,2420
BROOKLINE,2446
BROOKLINE,2446
BROOKLINE,2445
WALTHAM,2451
WALTHAM,2451
WALTHAM,2451
WALTHAM,2451
WALTHAM,2452
WATERTOWN,2472
WELLESLEY HILLS,2481
NEWTONVILLE,2460
NEWTON CENTER,2459
NEWTON CENTER,2459
NEWTONVILLE,2460
NEWTON HIGHLANDS,2461
NEWTON LOWER FALLS,2462
NEWTONVILLE,2460
NEWTON CENTER,2459
NEWTON UPPER FALLS,2464
WEST NEWTON,2465
AUBURNDALE,2466
CHESTNUT HILL,2467
WABAN,2468
WATERTOWN,2472
WALTHAM,2453
ARLINGTON,2476
ARLINGTON,2474
ARLINGTON,2476
ARLINGTON,2476
BELMONT,2478
BELMONT,2478
WELLESLEY HILLS,2481
WELLESLEY,2482
NEEDHAM,2492
WESTON,2493
NEEDHAM,2492
NEEDHAM HEIGHTS,2494
NEWTON,2458
BUZZARDS BAY,2532
BUZZARDS BAY,2532
CATAUMET,2534
CHILMARK,2535
VINEYARD HAVEN,2568
EAST FALMOUTH,2536
EAST FALMOUTH,2536
TEATICKET,2536
EAST FALMOUTH,2536
EAST SANDWICH,2537
EAST WAREHAM,2538
EDGARTOWN,2539
VINEYARD HAVEN,2568
FALMOUTH,2540
FALMOUTH,2540
BUZZARDS BAY,2532
FALMOUTH,2540
WOODS HOLE,2543
CHILMARK,2535
MONUMENT BEACH,2553
NANTUCKET,2554
NANTUCKET,2554
NORTH FALMOUTH,2556
OAK BLUFFS,2557
ONSET,2558
POCASSET,2559
SAGAMORE,2561
SAGAMORE BEACH,2562
SANDWICH,2563
SIASCONSET,2564
VINEYARD HAVEN,2568
WAREHAM,2571
WAREHAM,2571
WEST FALMOUTH,2574
WEST TISBURY,2575
WEST WAREHAM,2576
NANTUCKET,2584
HYANNIS,2601
BARNSTABLE,2630
BREWSTER,2631
CENTERVILLE,2632
CHATHAM,2633
CENTERVILLE,2632
COTUIT,2635
CUMMAQUID,2637
DENNIS,2638
DENNIS PORT,2639
EAST DENNIS,2641
EASTHAM,2642
EAST ORLEANS,2643
FORESTDALE,2644
HARWICH,2645
HARWICH PORT,2646
HYANNIS PORT,2647
MARSTONS MILLS,2648
MASHPEE,2649
NORTH CHATHAM,2650
NORTH EASTHAM,2651
NORTH TRURO,2652
ORLEANS,2653
OSTERVILLE,2655
PROVINCETOWN,2657
SOUTH CHATHAM,2659
SOUTH DENNIS,2660
SOUTH HARWICH,2661
SOUTH ORLEANS,2662
SOUTH WELLFLEET,2663
SOUTH YARMOUTH,2664
TRURO,2666
WELLFLEET,2667
WELLFLEET,2667
WEST BARNSTABLE,2668
WEST CHATHAM,2669
WEST DENNIS,2670
WEST HARWICH,2671
WEST HYANNISPORT,2672
SOUTH YARMOUTH,2664
WEST YARMOUTH,2673
SOUTH YARMOUTH,2664
YARMOUTH PORT,2675
ASSONET,2702
ATTLEBORO,2703
ATTLEBORO,2703
CHARTLEY,2712
CUTTYHUNK,2713
DIGHTON,2715
NORTH DIGHTON,2764
EAST FREETOWN,2717
EAST TAUNTON,2718
TAUNTON,2780
FAIRHAVEN,2719
FAIRHAVEN,2719
FALL RIVER,2720
FALL RIVER,2722
FALL RIVER,2722
FALL RIVER,2722
FALL RIVER,2723
FALL RIVER,2724
SOMERSET,2726
SOMERSET,2726
MARION,2738
ROCHESTER,2770
MATTAPOISETT,2739
ROCHESTER,2770
NEW BEDFORD,2740
NEW BEDFORD,2740
NEW BEDFORD,2740
ACUSHNET,2743
NEW BEDFORD,2745
NEW BEDFORD,2740
NEW BEDFORD,2744
NEW BEDFORD,2745
NEW BEDFORD,2745
NEW BEDFORD,2746
NORTH DARTMOUTH,2747
SOUTH DARTMOUTH,2748
ATTLEBORO FALLS,2763
NORTH ATTLEBORO,2760
PLAINVILLE,2762
NORTH ATTLEBORO,2760
NORTH ATTLEBORO,2760
PLAINVILLE,2762
ATTLEBORO FALLS,2763
NORTH ATTLEBORO,2760
NORTH DIGHTON,2764
NORTON,2766
TAUNTON,2780
RAYNHAM,2767
TAUNTON,2780
RAYNHAM CENTER,2768
REHOBOTH,2769
ROCHESTER,2770
SEEKONK,2771
SWANSEA,2777
TAUNTON,2780
TAUNTON,2780
TAUNTON,2780
WESTPORT,2790
WESTPORT,2790
WESTPORT,2790
WESTPORT POINT,2791
,
,
,
,
,
,
,
,
,
,
,
,
,
,
,
,
,
,
,
,
,
,
,
,
,
,
,
,
,
,
,
,
,
,
,
,
,
,
,
,
,
,
,
,
,
,
,
,
,
,
,
,
,
,
,
,
,
,
,
,
,
,
,
,
,
,
,
,
,
,
,
,
,
,
,
,
,
,
,
,
,
,
,
,
,
,
,
,
,
,
,
,
,
,
,
,
,
SEEKONK,
